palvelupaikka,counter
ulkotila (alue),1
ulkotila (alue),2
ulkotila (alue),3
ulkotila (alue),4
ulkotila (alue),5
ulkotila (alue),6
ulkotila (alue),7
ulkotila (alue),8
ulkotila (alue),9
ulkotila (alue),10
ulkotila (alue),11
ulkotila (alue),12
ulkotila (alue),13
ulkotila (alue),14
ulkotila (alue),15
ulkotila (alue),16
ulkotila (alue),17
ulkotila (alue),18
ulkotila (alue),19
ulkotila (alue),20
ulkotila (alue),21
ulkotila (alue),22
ulkotila (alue),23
ulkotila (alue),24
ulkotila (alue),25
ulkotila (alue),26
ulkotila (alue),27
ulkotila (alue),28
ulkotila (alue),29
ulkotila (alue),30
ulkotila (alue),31
ulkotila (alue),32
ulkotila (alue),33
ulkotila (alue),34
ulkotila (alue),35
ulkotila (alue),36
ulkotila (alue),37
ulkotila (alue),38
ulkotila (alue),39
ulkotila (alue),40
ulkotila (alue),41
ulkotila (alue),42
ulkotila (alue),43
ulkotila (alue),44
ulkotila (alue),45
ulkotila (alue),46
ulkotila (alue),47
ulkotila (alue),48
ulkotila (alue),49
ulkotila (alue),50
ulkotila (alue),51
ulkotila (alue),52
ulkotila (alue),53
ulkotila (alue),54
ulkotila (alue),55
ulkotila (alue),56
ulkotila (alue),57
ulkotila (alue),58
ulkotila (alue),59
ulkotila (alue),60
ulkotila (alue),61
ulkotila (alue),62
ulkotila (alue),63
ulkotila (alue),64
ulkotila (alue),65
ulkotila (alue),66
ulkotila (alue),67
ulkotila (alue),68
ulkotila (alue),69
ulkotila (alue),70
ulkotila (alue),71
ulkotila (alue),72
ulkotila (alue),73
ulkotila (alue),74
ulkotila (alue),75
ulkotila (alue),76
ulkotila (alue),77
ulkotila (alue),78
ulkotila (alue),79
ulkotila (alue),80
ulkotila (alue),81
ulkotila (alue),82
ulkotila (alue),83
ulkotila (alue),84
ulkotila (alue),85
ulkotila (alue),86
ulkotila (alue),87
ulkotila (alue),88
ulkotila (alue),89
ulkotila (alue),90
ulkotila (alue),91
ulkotila (alue),92
ulkotila (alue),93
ulkotila (alue),94
ulkotila (alue),95
ulkotila (alue),96
ulkotila (alue),97
ulkotila (alue),98
ulkotila (alue),99
ulkotila (alue),100
ulkotila (alue),101
ulkotila (alue),102
ulkotila (alue),103
ulkotila (alue),104
ulkotila (alue),105
ulkotila (alue),106
ulkotila (alue),107
ulkotila (alue),108
ulkotila (alue),109
ulkotila (alue),110
ulkotila (alue),111
ulkotila (alue),112
ulkotila (alue),113
ulkotila (alue),114
ulkotila (alue),115
ulkotila (alue),116
ulkotila (alue),117
ulkotila (alue),118
ulkotila (alue),119
ulkotila (alue),120
ulkotila (alue),121
ulkotila (alue),122
ulkotila (alue),123
ulkotila (alue),124
ulkotila (alue),125
ulkotila (alue),126
ulkotila (alue),127
ulkotila (alue),128
ulkotila (alue),129
ulkotila (alue),130
ulkotila (alue),131
ulkotila (alue),132
ulkotila (alue),133
ulkotila (alue),134
ulkotila (alue),135
ulkotila (alue),136
ulkotila (alue),137
ulkotila (alue),138
ulkotila (alue),139
ulkotila (alue),140
ulkotila (alue),141
ulkotila (alue),142
ulkotila (alue),143
ulkotila (alue),144
ulkotila (alue),145
ulkotila (alue),146
ulkotila (alue),147
ulkotila (alue),148
ulkotila (alue),149
ulkotila (alue),150
ulkotila (alue),151
ulkotila (alue),152
ulkotila (alue),153
ulkotila (alue),154
ulkotila (alue),155
ulkotila (alue),156
ulkotila (reitti),157
ulkotila (reitti),158
ulkotila (reitti),159
ulkotila (reitti),160
ulkotila (reitti),161
ulkotila (reitti),162
ulkotila (reitti),163
ulkotila (reitti),164
ulkotila (reitti),165
ulkotila (reitti),166
ulkotila (reitti),167
ulkotila (reitti),168
ulkotila (reitti),169
ulkotila (reitti),170
ulkotila (reitti),171
ulkotila (reitti),172
ulkotila (reitti),173
ulkotila (reitti),174
ulkotila (reitti),175
ulkotila (reitti),176
ulkotila (reitti),177
ulkotila (reitti),178
ulkotila (reitti),179
ulkotila (reitti),180
ulkotila (reitti),181
ulkotila (reitti),182
ulkotila (reitti),183
ulkotila (reitti),184
ulkotila (reitti),185
ulkotila (reitti),186
ulkotila (reitti),187
ulkotila (reitti),188
ulkotila (reitti),189
ulkotila (reitti),190
ulkotila (reitti),191
ulkotila (reitti),192
ulkotila (reitti),193
ulkotila (reitti),194
ulkotila (reitti),195
ulkotila (reitti),196
ulkotila (reitti),197
ulkotila (reitti),198
ulkotila (reitti),199
ulkotila (reitti),200
ulkotila (reitti),201
ulkotila (reitti),202
ulkotila (reitti),203
ulkotila (reitti),204
ulkotila (reitti),205
ulkotila (reitti),206
ulkotila (reitti),207
ulkotila (reitti),208
ulkotila (reitti),209
ulkotila (reitti),210
ulkotila (reitti),211
ulkotila (reitti),212
ulkotila (reitti),213
ulkotila (reitti),214
ulkotila (reitti),215
ulkotila (reitti),216
ulkotila (reitti),217
ulkotila (reitti),218
ulkotila (reitti),219
ulkotila (reitti),220
ulkotila (reitti),221
ulkotila (reitti),222
ulkotila (reitti),223
ulkotila (reitti),224
ulkotila (reitti),225
ulkotila (reitti),226
ulkotila (reitti),227
ulkotila (reitti),228
ulkotila (reitti),229
ulkotila (reitti),230
ulkotila (reitti),231
ulkotila (reitti),232
ulkotila (reitti),233
ulkotila (reitti),234
ulkotila (reitti),235
ulkotila (reitti),236
ulkotila (reitti),237
ulkotila (reitti),238
ulkotila (reitti),239
ulkotila (reitti),240
ulkotila (reitti),241
ulkotila (reitti),242
ulkotila (reitti),243
ulkotila (reitti),244
ulkotila (reitti),245
ulkotila (reitti),246
ulkotila (reitti),247
ulkotila (reitti),248
ulkotila (reitti),249
ulkotila (reitti),250
ulkotila (reitti),251
ulkotila (reitti),252
ulkotila (reitti),253
ulkotila (reitti),254
ulkotila (reitti),255
ulkotila (reitti),256
ulkotila (reitti),257
ulkotila (reitti),258
ulkotila (reitti),259
ulkotila (reitti),260
ulkotila (reitti),261
ulkotila (reitti),262
ulkotila (reitti),263
ulkotila (reitti),264
ulkotila (reitti),265
ulkotila (reitti),266
ulkotila (reitti),267
ulkotila (reitti),268
ulkotila (reitti),269
ulkotila (reitti),270
ulkotila (reitti),271
ulkotila (reitti),272
ulkotila (reitti),273
ulkotila (reitti),274
ulkotila (reitti),275
ulkotila (reitti),276
ulkotila (reitti),277
ulkotila (reitti),278
ulkotila (reitti),279
ulkotila (reitti),280
ulkotila (reitti),281
ulkotila (reitti),282
ulkotila (reitti),283
ulkotila (reitti),284
ulkotila (reitti),285
ulkotila (reitti),286
ulkotila (reitti),287
ulkotila (reitti),288
ulkotila (reitti),289
ulkotila (reitti),290
ulkotila (reitti),291
ulkotila (reitti),292
ulkotila (reitti),293
ulkotila (reitti),294
ulkotila (reitti),295
ulkotila (reitti),296
ulkotila (reitti),297
ulkotila (reitti),298
ulkotila (reitti),299
ulkotila (reitti),300
ulkotila (reitti),301
ulkotila (reitti),302
ulkotila (reitti),303
ulkotila (reitti),304
ulkotila (reitti),305
ulkotila (reitti),306
ulkotila (reitti),307
ulkotila (reitti),308
ulkotila (reitti),309
ulkotila (reitti),310
ulkotila (reitti),311
ulkotila (reitti),312
ulkotila (reitti),313
ulkotila (reitti),314
ulkotila (reitti),315
ulkotila (reitti),316
ulkotila (reitti),317
ulkotila (reitti),318
ulkotila (reitti),319
ulkotila (reitti),320
ulkotila (reitti),321
ulkotila (reitti),322
ulkotila (reitti),323
ulkotila (reitti),324
ulkotila (reitti),325
ulkotila (reitti),326
ulkotila (reitti),327
ulkotila (reitti),328
ulkotila (reitti),329
ulkotila (reitti),330
ulkotila (reitti),331
ulkotila (reitti),332
ulkotila (reitti),333
ulkotila (reitti),334
ulkotila (reitti),335
ulkotila (reitti),336
ulkotila (reitti),337
ulkotila (reitti),338
ulkotila (reitti),339
ulkotila (reitti),340
ulkotila (reitti),341
ulkotila (reitti),342
ulkotila (reitti),343
ulkotila (reitti),344
ulkotila (reitti),345
ulkotila (reitti),346
ulkotila (reitti),347
ulkotila (reitti),348
ulkotila (reitti),349
ulkotila (reitti),350
ulkotila (reitti),351
ulkotila (reitti),352
ulkotila (reitti),353
ulkotila (reitti),354
ulkotila (reitti),355
ulkotila (reitti),356
ulkotila (reitti),357
ulkotila (reitti),358
ulkotila (reitti),359
ulkotila (reitti),360
ulkotila (reitti),361
ulkotila (reitti),362
ulkotila (reitti),363
ulkotila (reitti),364
ulkotila (reitti),365
ulkotila (reitti),366
ulkotila (reitti),367
ulkotila (reitti),368
ulkotila (reitti),369
ulkotila (reitti),370
ulkotila (reitti),371
ulkotila (reitti),372
ulkotila (reitti),373
ulkotila (reitti),374
ulkotila (reitti),375
ulkotila (reitti),376
ulkotila (reitti),377
ulkotila (reitti),378
ulkotila (reitti),379
ulkotila (reitti),380
ulkotila (reitti),381
ulkotila (reitti),382
ulkotila (reitti),383
ulkotila (reitti),384
ulkotila (reitti),385
ulkotila (reitti),386
ulkotila (reitti),387
ulkotila (reitti),388
ulkotila (reitti),389
ulkotila (reitti),390
ulkotila (reitti),391
ulkotila (reitti),392
ulkotila (reitti),393
ulkotila (reitti),394
ulkotila (reitti),395
ulkotila (reitti),396
ulkotila (reitti),397
ulkotila (reitti),398
ulkotila (reitti),399
ulkotila (reitti),400
ulkotila (reitti),401
ulkotila (reitti),402
ulkotila (reitti),403
ulkotila (reitti),404
ulkotila (reitti),405
ulkotila (reitti),406
ulkotila (reitti),407
ulkotila (reitti),408
ulkotila (reitti),409
ulkotila (reitti),410
ulkotila (reitti),411
ulkotila (reitti),412
ulkotila (reitti),413
ulkotila (reitti),414
ulkotila (reitti),415
ulkotila (reitti),416
ulkotila (reitti),417
ulkotila (reitti),418
ulkotila (reitti),419
ulkotila (reitti),420
ulkotila (reitti),421
ulkotila (reitti),422
ulkotila (reitti),423
ulkotila (reitti),424
ulkotila (reitti),425
ulkotila (reitti),426
ulkotila (reitti),427
ulkotila (reitti),428
ulkotila (reitti),429
ulkotila (reitti),430
ulkotila (reitti),431
ulkotila (reitti),432
ulkotila (reitti),433
ulkotila (reitti),434
ulkotila (reitti),435
ulkotila (reitti),436
ulkotila (reitti),437
ulkotila (reitti),438
ulkotila (reitti),439
ulkotila (reitti),440
ulkotila (reitti),441
ulkotila (reitti),442
ulkotila (reitti),443
ulkotila (reitti),444
ulkotila (reitti),445
ulkotila (reitti),446
ulkotila (reitti),447
ulkotila (reitti),448
ulkotila (reitti),449
ulkotila (reitti),450
ulkotila (reitti),451
ulkotila (reitti),452
ulkotila (reitti),453
ulkotila (reitti),454
ulkotila (reitti),455
ulkotila (reitti),456
ulkotila (reitti),457
ulkotila (reitti),458
ulkotila (reitti),459
ulkotila (reitti),460
ulkotila (reitti),461
ulkotila (reitti),462
ulkotila (reitti),463
ulkotila (reitti),464
ulkotila (reitti),465
ulkotila (reitti),466
ulkotila (reitti),467
ulkotila (reitti),468
ulkotila (reitti),469
ulkotila (reitti),470
ulkotila (reitti),471
ulkotila (reitti),472
ulkotila (reitti),473
ulkotila (reitti),474
ulkotila (reitti),475
ulkotila (reitti),476
ulkotila (reitti),477
ulkotila (reitti),478
ulkotila (reitti),479
ulkotila (reitti),480
ulkotila (reitti),481
ulkotila (reitti),482
ulkotila (reitti),483
ulkotila (reitti),484
ulkotila (reitti),485
ulkotila (reitti),486
ulkotila (reitti),487
ulkotila (reitti),488
ulkotila (reitti),489
ulkotila (reitti),490
ulkotila (reitti),491
ulkotila (reitti),492
ulkotila (reitti),493
ulkotila (reitti),494
ulkotila (reitti),495
ulkotila (reitti),496
ulkotila (reitti),497
ulkotila (reitti),498
ulkotila (reitti),499
ulkotila (reitti),500
ulkotila (reitti),501
ulkotila (reitti),502
ulkotila (reitti),503
ulkotila (reitti),504
ulkotila (reitti),505
ulkotila (reitti),506
ulkotila (reitti),507
ulkotila (reitti),508
ulkotila (reitti),509
ulkotila (reitti),510
ulkotila (reitti),511
ulkotila (reitti),512
ulkotila (reitti),513
ulkotila (reitti),514
ulkotila (reitti),515
ulkotila (reitti),516
ulkotila (reitti),517
ulkotila (reitti),518
ulkotila (reitti),519
ulkotila (reitti),520
ulkotila (reitti),521
ulkotila (reitti),522
ulkotila (reitti),523
ulkotila (reitti),524
ulkotila (reitti),525
ulkotila (reitti),526
ulkotila (reitti),527
ulkotila (reitti),528
ulkotila (reitti),529
ulkotila (reitti),530
ulkotila (reitti),531
ulkotila (reitti),532
ulkotila (reitti),533
ulkotila (reitti),534
ulkotila (reitti),535
ulkotila (reitti),536
ulkotila (reitti),537
ulkotila (reitti),538
ulkotila (reitti),539
ulkotila (reitti),540
ulkotila (reitti),541
ulkotila (reitti),542
ulkotila (reitti),543
ulkotila (reitti),544
ulkotila (reitti),545
ulkotila (reitti),546
ulkotila (reitti),547
ulkotila (reitti),548
ulkotila (reitti),549
ulkotila (reitti),550
ulkotila (reitti),551
ulkotila (reitti),552
ulkotila (reitti),553
ulkotila (reitti),554
ulkotila (reitti),555
ulkotila (reitti),556
ulkotila (reitti),557
ulkotila (reitti),558
ulkotila (reitti),559
ulkotila (reitti),560
ulkotila (reitti),561
ulkotila (reitti),562
ulkotila (reitti),563
ulkotila (reitti),564
ulkotila (reitti),565
ulkotila (reitti),566
ulkotila (reitti),567
ulkotila (reitti),568
ulkotila (reitti),569
ulkotila (reitti),570
ulkotila (reitti),571
ulkotila (reitti),572
ulkotila (reitti),573
ulkotila (reitti),574
ulkotila (reitti),575
ulkotila (reitti),576
ulkotila (reitti),577
ulkotila (reitti),578
ulkotila (reitti),579
ulkotila (reitti),580
ulkotila (reitti),581
ulkotila (reitti),582
ulkotila (reitti),583
ulkotila (reitti),584
ulkotila (reitti),585
ulkotila (reitti),586
ulkotila (reitti),587
ulkotila (reitti),588
ulkotila (reitti),589
ulkotila (reitti),590
ulkotila (reitti),591
ulkotila (reitti),592
ulkotila (reitti),593
ulkotila (reitti),594
ulkotila (reitti),595
ulkotila (reitti),596
ulkotila (reitti),597
ulkotila (reitti),598
ulkotila (reitti),599
ulkotila (reitti),600
ulkotila (reitti),601
ulkotila (reitti),602
ulkotila (reitti),603
ulkotila (reitti),604
ulkotila (reitti),605
ulkotila (reitti),606
ulkotila (reitti),607
ulkotila (reitti),608
ulkotila (reitti),609
ulkotila (reitti),610
ulkotila (reitti),611
ulkotila (reitti),612
ulkotila (reitti),613
ulkotila (reitti),614
ulkotila (reitti),615
ulkotila (reitti),616
ulkotila (reitti),617
ulkotila (reitti),618
ulkotila (reitti),619
ulkotila (reitti),620
ulkotila (reitti),621
ulkotila (reitti),622
ulkotila (reitti),623
ulkotila (reitti),624
ulkotila (reitti),625
ulkotila (reitti),626
ulkotila (reitti),627
ulkotila (reitti),628
ulkotila (reitti),629
ulkotila (reitti),630
ulkotila (reitti),631
ulkotila (reitti),632
ulkotila (reitti),633
ulkotila (reitti),634
ulkotila (reitti),635
ulkotila (reitti),636
ulkotila (reitti),637
ulkotila (reitti),638
ulkotila (reitti),639
ulkotila (reitti),640
ulkotila (reitti),641
ulkotila (reitti),642
ulkotila (reitti),643
ulkotila (reitti),644
ulkotila (reitti),645
ulkotila (reitti),646
ulkotila (reitti),647
ulkotila (reitti),648
ulkotila (reitti),649
ulkotila (reitti),650
ulkotila (reitti),651
ulkotila (reitti),652
ulkotila (reitti),653
ulkotila (reitti),654
ulkotila (reitti),655
ulkotila (reitti),656
ulkotila (reitti),657
ulkotila (reitti),658
ulkotila (reitti),659
ulkotila (reitti),660
ulkotila (reitti),661
ulkotila (reitti),662
ulkotila (reitti),663
ulkotila (reitti),664
ulkotila (reitti),665
ulkotila (reitti),666
ulkotila (reitti),667
ulkotila (reitti),668
ulkotila (reitti),669
ulkotila (reitti),670
ulkotila (reitti),671
ulkotila (reitti),672
ulkotila (reitti),673
ulkotila (reitti),674
ulkotila (reitti),675
ulkotila (reitti),676
ulkotila (reitti),677
ulkotila (reitti),678
ulkotila (reitti),679
ulkotila (reitti),680
ulkotila (reitti),681
ulkotila (reitti),682
ulkotila (reitti),683
ulkotila (reitti),684
ulkotila (reitti),685
ulkotila (reitti),686
ulkotila (reitti),687
ulkotila (reitti),688
ulkotila (reitti),689
ulkotila (reitti),690
ulkotila (reitti),691
ulkotila (reitti),692
ulkotila (reitti),693
ulkotila (reitti),694
ulkotila (reitti),695
ulkotila (reitti),696
ulkotila (reitti),697
ulkotila (reitti),698
ulkotila (reitti),699
ulkotila (reitti),700
ulkotila (reitti),701
ulkotila (reitti),702
ulkotila (reitti),703
ulkotila (reitti),704
ulkotila (reitti),705
ulkotila (reitti),706
ulkotila (reitti),707
ulkotila (reitti),708
ulkotila (reitti),709
ulkotila (reitti),710
ulkotila (reitti),711
ulkotila (reitti),712
ulkotila (reitti),713
ulkotila (reitti),714
ulkotila (reitti),715
ulkotila (reitti),716
ulkotila (reitti),717
ulkotila (reitti),718
ulkotila (reitti),719
ulkotila (reitti),720
ulkotila (reitti),721
ulkotila (reitti),722
ulkotila (reitti),723
ulkotila (reitti),724
ulkotila (reitti),725
ulkotila (reitti),726
ulkotila (reitti),727
ulkotila (reitti),728
ulkotila (reitti),729
ulkotila (reitti),730
ulkotila (reitti),731
ulkotila (reitti),732
ulkotila (reitti),733
ulkotila (reitti),734
ulkotila (reitti),735
ulkotila (reitti),736
ulkotila (reitti),737
ulkotila (reitti),738
ulkotila (reitti),739
ulkotila (reitti),740
ulkotila (reitti),741
ulkotila (reitti),742
ulkotila (reitti),743
ulkotila (reitti),744
ulkotila (reitti),745
ulkotila (reitti),746
ulkotila (reitti),747
ulkotila (reitti),748
ulkotila (reitti),749
ulkotila (reitti),750
ulkotila (reitti),751
ulkotila (reitti),752
ulkotila (reitti),753
ulkotila (reitti),754
ulkotila (reitti),755
ulkotila (reitti),756
ulkotila (reitti),757
ulkotila (reitti),758
ulkotila (reitti),759
ulkotila (reitti),760
ulkotila (reitti),761
ulkotila (reitti),762
ulkotila (reitti),763
ulkotila (reitti),764
ulkotila (reitti),765
ulkotila (reitti),766
ulkotila (reitti),767
ulkotila (reitti),768
ulkotila (reitti),769
ulkotila (reitti),770
ulkotila (reitti),771
ulkotila (reitti),772
ulkotila (reitti),773
ulkotila (reitti),774
ulkotila (reitti),775
ulkotila (reitti),776
ulkotila (reitti),777
ulkotila (reitti),778
ulkotila (reitti),779
ulkotila (reitti),780
ulkotila (reitti),781
ulkotila (reitti),782
ulkotila (reitti),783
ulkotila (reitti),784
ulkotila (reitti),785
ulkotila (reitti),786
ulkotila (reitti),787
ulkotila (reitti),788
ulkotila (reitti),789
ulkotila (reitti),790
ulkotila (reitti),791
ulkotila (reitti),792
ulkotila (reitti),793
ulkotila (reitti),794
ulkotila (reitti),795
ulkotila (reitti),796
ulkotila (reitti),797
ulkotila (reitti),798
ulkotila (reitti),799
ulkotila (reitti),800
ulkotila (reitti),801
ulkotila (reitti),802
ulkotila (reitti),803
ulkotila (reitti),804
ulkotila (reitti),805
ulkotila (reitti),806
ulkotila (reitti),807
ulkotila (reitti),808
ulkotila (reitti),809
ulkotila (reitti),810
ulkotila (reitti),811
ulkotila (reitti),812
ulkotila (reitti),813
ulkotila (reitti),814
ulkotila (reitti),815
ulkotila (reitti),816
ulkotila (reitti),817
ulkotila (reitti),818
ulkotila (reitti),819
ulkotila (reitti),820
ulkotila (reitti),821
ulkotila (reitti),822
ulkotila (reitti),823
ulkotila (reitti),824
ulkotila (reitti),825
ulkotila (reitti),826
ulkotila (reitti),827
ulkotila (reitti),828
ulkotila (reitti),829
ulkotila (reitti),830
ulkotila (reitti),831
ulkotila (reitti),832
ulkotila (reitti),833
ulkotila (reitti),834
ulkotila (reitti),835
ulkotila (reitti),836
ulkotila (reitti),837
ulkotila (reitti),838
ulkotila (reitti),839
ulkotila (reitti),840
ulkotila (reitti),841
ulkotila (reitti),842
ulkotila (reitti),843
ulkotila (reitti),844
ulkotila (reitti),845
ulkotila (reitti),846
ulkotila (reitti),847
ulkotila (reitti),848
ulkotila (reitti),849
ulkotila (reitti),850
ulkotila (reitti),851
ulkotila (reitti),852
ulkotila (reitti),853
ulkotila (reitti),854
ulkotila (reitti),855
ulkotila (reitti),856
ulkotila (reitti),857
ulkotila (reitti),858
ulkotila (reitti),859
ulkotila (reitti),860
ulkotila (reitti),861
ulkotila (reitti),862
ulkotila (reitti),863
ulkotila (reitti),864
ulkotila (reitti),865
ulkotila (reitti),866
ulkotila (reitti),867
ulkotila (reitti),868
ulkotila (reitti),869
ulkotila (reitti),870
ulkotila (reitti),871
ulkotila (reitti),872
ulkotila (reitti),873
ulkotila (reitti),874
ulkotila (reitti),875
ulkotila (reitti),876
ulkotila (reitti),877
ulkotila (reitti),878
ulkotila (reitti),879
ulkotila (reitti),880
ulkotila (reitti),881
ulkotila (reitti),882
ulkotila (reitti),883
ulkotila (reitti),884
ulkotila (reitti),885
ulkotila (reitti),886
ulkotila (reitti),887
ulkotila (reitti),888
ulkotila (reitti),889
ulkotila (reitti),890
ulkotila (reitti),891
ulkotila (reitti),892
ulkotila (reitti),893
ulkotila (reitti),894
ulkotila (reitti),895
ulkotila (reitti),896
ulkotila (reitti),897
ulkotila (reitti),898
ulkotila (reitti),899
ulkotila (reitti),900
ulkotila (reitti),901
ulkotila (reitti),902
ulkotila (reitti),903
ulkotila (reitti),904
ulkotila (reitti),905
ulkotila (reitti),906
ulkotila (reitti),907
ulkotila (reitti),908
ulkotila (reitti),909
ulkotila (reitti),910
ulkotila (reitti),911
ulkotila (reitti),912
ulkotila (reitti),913
ulkotila (reitti),914
ulkotila (reitti),915
ulkotila (reitti),916
ulkotila (reitti),917
ulkotila (reitti),918
ulkotila (reitti),919
ulkotila (reitti),920
ulkotila (reitti),921
ulkotila (reitti),922
ulkotila (reitti),923
ulkotila (reitti),924
ulkotila (reitti),925
ulkotila (reitti),926
ulkotila (reitti),927
ulkotila (reitti),928
ulkotila (reitti),929
ulkotila (reitti),930
ulkotila (reitti),931
ulkotila (reitti),932
ulkotila (reitti),933
ulkotila (reitti),934
ulkotila (reitti),935
ulkotila (reitti),936
ulkotila (reitti),937
ulkotila (reitti),938
ulkotila (reitti),939
ulkotila (reitti),940
ulkotila (reitti),941
ulkotila (reitti),942
ulkotila (reitti),943
ulkotila (reitti),944
ulkotila (reitti),945
ulkotila (reitti),946
ulkotila (reitti),947
ulkotila (reitti),948
ulkotila (reitti),949
ulkotila (reitti),950
ulkotila (reitti),951
ulkotila (reitti),952
ulkotila (reitti),953
ulkotila (reitti),954
ulkotila (reitti),955
ulkotila (reitti),956
ulkotila (reitti),957
ulkotila (reitti),958
ulkotila (reitti),959
ulkotila (reitti),960
ulkotila (reitti),961
ulkotila (reitti),962
ulkotila (reitti),963
ulkotila (reitti),964
ulkotila (reitti),965
ulkotila (reitti),966
ulkotila (reitti),967
ulkotila (reitti),968
ulkotila (reitti),969
ulkotila (reitti),970
ulkotila (reitti),971
ulkotila (reitti),972
ulkotila (reitti),973
ulkotila (reitti),974
ulkotila (reitti),975
ulkotila (reitti),976
ulkotila (reitti),977
ulkotila (reitti),978
ulkotila (reitti),979
ulkotila (reitti),980
ulkotila (reitti),981
ulkotila (reitti),982
ulkotila (reitti),983
ulkotila (reitti),984
ulkotila (reitti),985
ulkotila (reitti),986
ulkotila (reitti),987
ulkotila (reitti),988
ulkotila (reitti),989
ulkotila (reitti),990
ulkotila (reitti),991
ulkotila (reitti),992
ulkotila (reitti),993
ulkotila (reitti),994
ulkotila (reitti),995
ulkotila (reitti),996
ulkotila (reitti),997
ulkotila (reitti),998
ulkotila (reitti),999
ulkotila (reitti),1000
ulkotila (reitti),1001
ulkotila (reitti),1002
ulkotila (reitti),1003
ulkotila (reitti),1004
ulkotila (reitti),1005
ulkotila (reitti),1006
ulkotila (reitti),1007
ulkotila (reitti),1008
ulkotila (reitti),1009
ulkotila (reitti),1010
ulkotila (reitti),1011
ulkotila (reitti),1012
ulkotila (reitti),1013
ulkotila (reitti),1014
ulkotila (reitti),1015
ulkotila (reitti),1016
ulkotila (reitti),1017
ulkotila (reitti),1018
ulkotila (reitti),1019
ulkotila (reitti),1020
ulkotila (reitti),1021
ulkotila (reitti),1022
ulkotila (reitti),1023
ulkotila (reitti),1024
ulkotila (reitti),1025
ulkotila (reitti),1026
ulkotila (reitti),1027
ulkotila (reitti),1028
ulkotila (reitti),1029
ulkotila (reitti),1030
ulkotila (reitti),1031
ulkotila (reitti),1032
ulkotila (reitti),1033
ulkotila (reitti),1034
ulkotila (reitti),1035
ulkotila (reitti),1036
ulkotila (reitti),1037
ulkotila (reitti),1038
ulkotila (reitti),1039
ulkotila (reitti),1040
ulkotila (reitti),1041
ulkotila (reitti),1042
ulkotila (reitti),1043
ulkotila (reitti),1044
ulkotila (reitti),1045
ulkotila (reitti),1046
ulkotila (reitti),1047
ulkotila (reitti),1048
ulkotila (reitti),1049
ulkotila (reitti),1050
ulkotila (reitti),1051
ulkotila (reitti),1052
ulkotila (reitti),1053
ulkotila (reitti),1054
ulkotila (reitti),1055
ulkotila (reitti),1056
ulkotila (reitti),1057
ulkotila (reitti),1058
ulkotila (reitti),1059
ulkotila (reitti),1060
ulkotila (reitti),1061
ulkotila (reitti),1062
ulkotila (reitti),1063
ulkotila (reitti),1064
ulkotila (reitti),1065
ulkotila (reitti),1066
ulkotila (reitti),1067
ulkotila (reitti),1068
ulkotila (reitti),1069
ulkotila (reitti),1070
ulkotila (reitti),1071
ulkotila (reitti),1072
ulkotila (reitti),1073
ulkotila (reitti),1074
ulkotila (reitti),1075
ulkotila (reitti),1076
ulkotila (reitti),1077
ulkotila (reitti),1078
ulkotila (reitti),1079
ulkotila (reitti),1080
ulkotila (reitti),1081
ulkotila (reitti),1082
ulkotila (reitti),1083
ulkotila (reitti),1084
ulkotila (reitti),1085
ulkotila (reitti),1086
ulkotila (reitti),1087
ulkotila (reitti),1088
ulkotila (reitti),1089
ulkotila (reitti),1090
ulkotila (reitti),1091
ulkotila (reitti),1092
ulkotila (reitti),1093
ulkotila (reitti),1094
ulkotila (reitti),1095
ulkotila (reitti),1096
ulkotila (reitti),1097
ulkotila (reitti),1098
ulkotila (reitti),1099
ulkotila (reitti),1100
ulkotila (reitti),1101
ulkotila (reitti),1102
ulkotila (reitti),1103
ulkotila (reitti),1104
ulkotila (reitti),1105
ulkotila (reitti),1106
ulkotila (reitti),1107
ulkotila (reitti),1108
ulkotila (reitti),1109
ulkotila (reitti),1110
ulkotila (reitti),1111
ulkotila (reitti),1112
ulkotila (reitti),1113
ulkotila (reitti),1114
ulkotila (reitti),1115
ulkotila (reitti),1116
ulkotila (reitti),1117
ulkotila (reitti),1118
ulkotila (reitti),1119
ulkotila (reitti),1120
ulkotila (reitti),1121
ulkotila (reitti),1122
ulkotila (reitti),1123
ulkotila (reitti),1124
ulkotila (reitti),1125
ulkotila (reitti),1126
ulkotila (reitti),1127
ulkotila (reitti),1128
ulkotila (reitti),1129
ulkotila (reitti),1130
ulkotila (reitti),1131
ulkotila (reitti),1132
ulkotila (reitti),1133
ulkotila (reitti),1134
ulkotila (reitti),1135
ulkotila (reitti),1136
ulkotila (reitti),1137
ulkotila (reitti),1138
ulkotila (reitti),1139
ulkotila (reitti),1140
ulkotila (reitti),1141
ulkotila (reitti),1142
ulkotila (reitti),1143
ulkotila (reitti),1144
ulkotila (reitti),1145
ulkotila (reitti),1146
ulkotila (reitti),1147
ulkotila (reitti),1148
ulkotila (reitti),1149
ulkotila (reitti),1150
ulkotila (reitti),1151
ulkotila (reitti),1152
ulkotila (reitti),1153
ulkotila (reitti),1154
ulkotila (reitti),1155
ulkotila (reitti),1156
ulkotila (reitti),1157
ulkotila (reitti),1158
ulkotila (reitti),1159
ulkotila (reitti),1160
ulkotila (reitti),1161
ulkotila (reitti),1162
ulkotila (reitti),1163
ulkotila (reitti),1164
ulkotila (reitti),1165
ulkotila (reitti),1166
ulkotila (reitti),1167
ulkotila (reitti),1168
ulkotila (reitti),1169
ulkotila (reitti),1170
ulkotila (reitti),1171
ulkotila (reitti),1172
ulkotila (reitti),1173
ulkotila (reitti),1174
ulkotila (reitti),1175
ulkotila (reitti),1176
ulkotila (reitti),1177
ulkotila (reitti),1178
ulkotila (reitti),1179
ulkotila (reitti),1180
ulkotila (reitti),1181
ulkotila (reitti),1182
ulkotila (reitti),1183
ulkotila (reitti),1184
ulkotila (reitti),1185
ulkotila (reitti),1186
ulkotila (reitti),1187
ulkotila (reitti),1188
ulkotila (reitti),1189
ulkotila (reitti),1190
ulkotila (reitti),1191
ulkotila (reitti),1192
ulkotila (reitti),1193
ulkotila (reitti),1194
ulkotila (reitti),1195
ulkotila (reitti),1196
ulkotila (reitti),1197
ulkotila (reitti),1198
ulkotila (reitti),1199
ulkotila (reitti),1200
ulkotila (reitti),1201
ulkotila (reitti),1202
ulkotila (reitti),1203
ulkotila (reitti),1204
ulkotila (reitti),1205
ulkotila (reitti),1206
ulkotila (reitti),1207
ulkotila (reitti),1208
ulkotila (reitti),1209
ulkotila (reitti),1210
ulkotila (reitti),1211
ulkotila (reitti),1212
ulkotila (reitti),1213
ulkotila (reitti),1214
ulkotila (reitti),1215
ulkotila (reitti),1216
ulkotila (reitti),1217
ulkotila (reitti),1218
ulkotila (reitti),1219
ulkotila (reitti),1220
ulkotila (reitti),1221
ulkotila (reitti),1222
ulkotila (reitti),1223
ulkotila (reitti),1224
ulkotila (reitti),1225
ulkotila (reitti),1226
ulkotila (reitti),1227
ulkotila (reitti),1228
ulkotila (reitti),1229
ulkotila (reitti),1230
ulkotila (reitti),1231
ulkotila (reitti),1232
ulkotila (reitti),1233
ulkotila (reitti),1234
ulkotila (reitti),1235
ulkotila (reitti),1236
ulkotila (reitti),1237
ulkotila (reitti),1238
ulkotila (reitti),1239
ulkotila (reitti),1240
ulkotila (reitti),1241
ulkotila (reitti),1242
ulkotila (reitti),1243
ulkotila (reitti),1244
ulkotila (reitti),1245
ulkotila (reitti),1246
ulkotila (reitti),1247
ulkotila (reitti),1248
ulkotila (reitti),1249
ulkotila (reitti),1250
ulkotila (reitti),1251
ulkotila (reitti),1252
ulkotila (reitti),1253
ulkotila (reitti),1254
ulkotila (reitti),1255
ulkotila (reitti),1256
ulkotila (reitti),1257
ulkotila (reitti),1258
ulkotila (reitti),1259
ulkotila (reitti),1260
ulkotila (reitti),1261
ulkotila (reitti),1262
ulkotila (reitti),1263
ulkotila (reitti),1264
ulkotila (reitti),1265
ulkotila (reitti),1266
ulkotila (reitti),1267
ulkotila (reitti),1268
ulkotila (reitti),1269
ulkotila (reitti),1270
ulkotila (reitti),1271
ulkotila (reitti),1272
ulkotila (reitti),1273
ulkotila (reitti),1274
ulkotila (reitti),1275
ulkotila (reitti),1276
ulkotila (reitti),1277
ulkotila (reitti),1278
ulkotila (reitti),1279
ulkotila (reitti),1280
ulkotila (reitti),1281
ulkotila (reitti),1282
ulkotila (reitti),1283
ulkotila (reitti),1284
ulkotila (reitti),1285
ulkotila (reitti),1286
ulkotila (reitti),1287
ulkotila (reitti),1288
ulkotila (reitti),1289
ulkotila (reitti),1290
ulkotila (reitti),1291
ulkotila (reitti),1292
ulkotila (reitti),1293
ulkotila (reitti),1294
ulkotila (reitti),1295
ulkotila (reitti),1296
ulkotila (reitti),1297
ulkotila (reitti),1298
ulkotila (reitti),1299
ulkotila (reitti),1300
ulkotila (reitti),1301
ulkotila (reitti),1302
ulkotila (reitti),1303
ulkotila (reitti),1304
ulkotila (reitti),1305
ulkotila (reitti),1306
ulkotila (reitti),1307
ulkotila (reitti),1308
ulkotila (reitti),1309
ulkotila (reitti),1310
ulkotila (reitti),1311
ulkotila (reitti),1312
ulkotila (reitti),1313
ulkotila (reitti),1314
ulkotila (reitti),1315
ulkotila (reitti),1316
ulkotila (reitti),1317
ulkotila (reitti),1318
ulkotila (reitti),1319
ulkotila (reitti),1320
ulkotila (reitti),1321
ulkotila (reitti),1322
ulkotila (reitti),1323
ulkotila (reitti),1324
ulkotila (reitti),1325
ulkotila (reitti),1326
ulkotila (reitti),1327
ulkotila (reitti),1328
ulkotila (reitti),1329
ulkotila (reitti),1330
ulkotila (reitti),1331
ulkotila (reitti),1332
ulkotila (reitti),1333
ulkotila (reitti),1334
ulkotila (reitti),1335
ulkotila (reitti),1336
ulkotila (reitti),1337
ulkotila (reitti),1338
ulkotila (reitti),1339
ulkotila (reitti),1340
ulkotila (reitti),1341
ulkotila (reitti),1342
ulkotila (reitti),1343
ulkotila (reitti),1344
ulkotila (reitti),1345
ulkotila (reitti),1346
ulkotila (reitti),1347
ulkotila (reitti),1348
ulkotila (reitti),1349
ulkotila (reitti),1350
ulkotila (reitti),1351
ulkotila (reitti),1352
ulkotila (reitti),1353
ulkotila (reitti),1354
ulkotila (reitti),1355
ulkotila (reitti),1356
ulkotila (reitti),1357
ulkotila (reitti),1358
ulkotila (reitti),1359
ulkotila (reitti),1360
ulkotila (reitti),1361
ulkotila (reitti),1362
ulkotila (reitti),1363
ulkotila (reitti),1364
ulkotila (reitti),1365
ulkotila (reitti),1366
ulkotila (reitti),1367
ulkotila (reitti),1368
ulkotila (reitti),1369
ulkotila (reitti),1370
ulkotila (reitti),1371
ulkotila (reitti),1372
ulkotila (reitti),1373
ulkotila (reitti),1374
ulkotila (reitti),1375
ulkotila (reitti),1376
ulkotila (reitti),1377
ulkotila (reitti),1378
ulkotila (reitti),1379
ulkotila (reitti),1380
ulkotila (reitti),1381
ulkotila (reitti),1382
ulkotila (reitti),1383
ulkotila (reitti),1384
ulkotila (reitti),1385
ulkotila (reitti),1386
ulkotila (reitti),1387
ulkotila (reitti),1388
ulkotila (reitti),1389
ulkotila (reitti),1390
ulkotila (reitti),1391
ulkotila (reitti),1392
ulkotila (reitti),1393
ulkotila (reitti),1394
ulkotila (reitti),1395
ulkotila (reitti),1396
ulkotila (reitti),1397
ulkotila (reitti),1398
ulkotila (reitti),1399
ulkotila (reitti),1400
ulkotila (reitti),1401
ulkotila (reitti),1402
ulkotila (reitti),1403
ulkotila (reitti),1404
ulkotila (reitti),1405
ulkotila (reitti),1406
ulkotila (reitti),1407
ulkotila (reitti),1408
ulkotila (reitti),1409
ulkotila (reitti),1410
ulkotila (reitti),1411
ulkotila (reitti),1412
ulkotila (reitti),1413
ulkotila (reitti),1414
ulkotila (reitti),1415
ulkotila (reitti),1416
ulkotila (reitti),1417
ulkotila (reitti),1418
ulkotila (reitti),1419
ulkotila (reitti),1420
ulkotila (reitti),1421
ulkotila (reitti),1422
ulkotila (reitti),1423
ulkotila (reitti),1424
ulkotila (reitti),1425
ulkotila (reitti),1426
ulkotila (reitti),1427
ulkotila (reitti),1428
ulkotila (reitti),1429
ulkotila (reitti),1430
ulkotila (reitti),1431
ulkotila (reitti),1432
ulkotila (reitti),1433
ulkotila (reitti),1434
ulkotila (reitti),1435
ulkotila (reitti),1436
ulkotila (reitti),1437
ulkotila (reitti),1438
ulkotila (reitti),1439
ulkotila (reitti),1440
ulkotila (reitti),1441
ulkotila (reitti),1442
ulkotila (reitti),1443
ulkotila (reitti),1444
ulkotila (reitti),1445
ulkotila (reitti),1446
ulkotila (reitti),1447
ulkotila (reitti),1448
ulkotila (reitti),1449
ulkotila (reitti),1450
ulkotila (reitti),1451
ulkotila (reitti),1452
ulkotila (reitti),1453
ulkotila (reitti),1454
ulkotila (reitti),1455
ulkotila (reitti),1456
ulkotila (reitti),1457
ulkotila (reitti),1458
ulkotila (reitti),1459
ulkotila (reitti),1460
ulkotila (reitti),1461
ulkotila (reitti),1462
ulkotila (reitti),1463
ulkotila (reitti),1464
ulkotila (reitti),1465
ulkotila (reitti),1466
ulkotila (reitti),1467
ulkotila (reitti),1468
ulkotila (reitti),1469
ulkotila (reitti),1470
ulkotila (reitti),1471
ulkotila (reitti),1472
ulkotila (reitti),1473
ulkotila (reitti),1474
ulkotila (reitti),1475
ulkotila (reitti),1476
ulkotila (reitti),1477
ulkotila (reitti),1478
ulkotila (reitti),1479
ulkotila (reitti),1480
ulkotila (reitti),1481
ulkotila (reitti),1482
ulkotila (reitti),1483
ulkotila (reitti),1484
ulkotila (reitti),1485
ulkotila (reitti),1486
ulkotila (reitti),1487
ulkotila (reitti),1488
ulkotila (reitti),1489
ulkotila (reitti),1490
ulkotila (reitti),1491
ulkotila (reitti),1492
ulkotila (reitti),1493
ulkotila (reitti),1494
ulkotila (reitti),1495
ulkotila (reitti),1496
ulkotila (reitti),1497
ulkotila (reitti),1498
ulkotila (reitti),1499
ulkotila (reitti),1500
ulkotila (reitti),1501
ulkotila (reitti),1502
ulkotila (reitti),1503
ulkotila (reitti),1504
ulkotila (reitti),1505
ulkotila (reitti),1506
ulkotila (reitti),1507
ulkotila (reitti),1508
ulkotila (reitti),1509
ulkotila (reitti),1510
ulkotila (reitti),1511
ulkotila (reitti),1512
ulkotila (reitti),1513
ulkotila (reitti),1514
ulkotila (reitti),1515
ulkotila (reitti),1516
ulkotila (reitti),1517
ulkotila (reitti),1518
ulkotila (reitti),1519
ulkotila (reitti),1520
ulkotila (reitti),1521
ulkotila (reitti),1522
ulkotila (reitti),1523
ulkotila (reitti),1524
ulkotila (reitti),1525
ulkotila (reitti),1526
ulkotila (reitti),1527
ulkotila (reitti),1528
ulkotila (reitti),1529
ulkotila (reitti),1530
ulkotila (reitti),1531
ulkotila (reitti),1532
ulkotila (reitti),1533
ulkotila (reitti),1534
ulkotila (reitti),1535
ulkotila (reitti),1536
ulkotila (reitti),1537
ulkotila (reitti),1538
ulkotila (reitti),1539
ulkotila (reitti),1540
ulkotila (reitti),1541
ulkotila (reitti),1542
ulkotila (reitti),1543
ulkotila (reitti),1544
ulkotila (reitti),1545
ulkotila (reitti),1546
ulkotila (reitti),1547
ulkotila (reitti),1548
ulkotila (reitti),1549
ulkotila (reitti),1550
ulkotila (reitti),1551
ulkotila (reitti),1552
ulkotila (reitti),1553
ulkotila (reitti),1554
ulkotila (reitti),1555
ulkotila (reitti),1556
ulkotila (reitti),1557
ulkotila (reitti),1558
ulkotila (reitti),1559
ulkotila (reitti),1560
ulkotila (reitti),1561
ulkotila (reitti),1562
ulkotila (reitti),1563
ulkotila (reitti),1564
ulkotila (reitti),1565
ulkotila (reitti),1566
ulkotila (reitti),1567
ulkotila (reitti),1568
ulkotila (reitti),1569
ulkotila (reitti),1570
ulkotila (reitti),1571
ulkotila (reitti),1572
ulkotila (reitti),1573
ulkotila (reitti),1574
ulkotila (reitti),1575
ulkotila (reitti),1576
ulkotila (reitti),1577
ulkotila (reitti),1578
ulkotila (reitti),1579
ulkotila (reitti),1580
ulkotila (reitti),1581
ulkotila (reitti),1582
ulkotila (reitti),1583
ulkotila (reitti),1584
ulkotila (reitti),1585
ulkotila (reitti),1586
ulkotila (reitti),1587
ulkotila (reitti),1588
ulkotila (reitti),1589
ulkotila (reitti),1590
ulkotila (reitti),1591
ulkotila (reitti),1592
ulkotila (reitti),1593
ulkotila (reitti),1594
ulkotila (reitti),1595
ulkotila (reitti),1596
ulkotila (reitti),1597
ulkotila (reitti),1598
ulkotila (reitti),1599
ulkotila (reitti),1600
ulkotila (reitti),1601
ulkotila (reitti),1602
ulkotila (reitti),1603
ulkotila (reitti),1604
ulkotila (reitti),1605
ulkotila (reitti),1606
ulkotila (reitti),1607
ulkotila (reitti),1608
ulkotila (reitti),1609
ulkotila (reitti),1610
ulkotila (reitti),1611
ulkotila (reitti),1612
ulkotila (reitti),1613
ulkotila (reitti),1614
ulkotila (reitti),1615
ulkotila (reitti),1616
ulkotila (reitti),1617
ulkotila (reitti),1618
ulkotila (reitti),1619
ulkotila (reitti),1620
ulkotila (reitti),1621
ulkotila (reitti),1622
ulkotila (reitti),1623
ulkotila (reitti),1624
ulkotila (reitti),1625
ulkotila (reitti),1626
ulkotila (reitti),1627
ulkotila (reitti),1628
ulkotila (reitti),1629
ulkotila (reitti),1630
ulkotila (reitti),1631
ulkotila (reitti),1632
ulkotila (reitti),1633
ulkotila (reitti),1634
ulkotila (reitti),1635
ulkotila (reitti),1636
ulkotila (reitti),1637
ulkotila (reitti),1638
ulkotila (reitti),1639
ulkotila (reitti),1640
ulkotila (reitti),1641
ulkotila (reitti),1642
ulkotila (reitti),1643
ulkotila (reitti),1644
ulkotila (reitti),1645
ulkotila (reitti),1646
ulkotila (reitti),1647
ulkotila (reitti),1648
ulkotila (reitti),1649
ulkotila (reitti),1650
ulkotila (reitti),1651
ulkotila (reitti),1652
ulkotila (reitti),1653
ulkotila (reitti),1654
ulkotila (reitti),1655
ulkotila (reitti),1656
ulkotila (reitti),1657
ulkotila (reitti),1658
ulkotila (reitti),1659
ulkotila (reitti),1660
ulkotila (reitti),1661
ulkotila (reitti),1662
ulkotila (reitti),1663
ulkotila (reitti),1664
ulkotila (reitti),1665
ulkotila (reitti),1666
ulkotila (reitti),1667
ulkotila (reitti),1668
ulkotila (reitti),1669
ulkotila (reitti),1670
ulkotila (reitti),1671
ulkotila (reitti),1672
ulkotila (reitti),1673
ulkotila (reitti),1674
ulkotila (reitti),1675
ulkotila (reitti),1676
ulkotila (reitti),1677
ulkotila (reitti),1678
ulkotila (reitti),1679
ulkotila (reitti),1680
ulkotila (reitti),1681
ulkotila (reitti),1682
ulkotila (reitti),1683
ulkotila (reitti),1684
ulkotila (reitti),1685
ulkotila (reitti),1686
ulkotila (reitti),1687
ulkotila (reitti),1688
ulkotila (reitti),1689
ulkotila (reitti),1690
ulkotila (reitti),1691
ulkotila (reitti),1692
ulkotila (reitti),1693
ulkotila (reitti),1694
ulkotila (reitti),1695
ulkotila (reitti),1696
ulkotila (reitti),1697
ulkotila (reitti),1698
ulkotila (reitti),1699
ulkotila (reitti),1700
ulkotila (reitti),1701
ulkotila (reitti),1702
ulkotila (reitti),1703
ulkotila (reitti),1704
ulkotila (reitti),1705
rakennus,1706
rakennus,1707
rakennus,1708
rakennus,1709
rakennus,1710
rakennus,1711
rakennus,1712
rakennus,1713
rakennus,1714
rakennus,1715
rakennus,1716
rakennus,1717
rakennus,1718
rakennus,1719
rakennus,1720
rakennus,1721
rakennus,1722
rakennus,1723
rakennus,1724
rakennus,1725
rakennus,1726
rakennus,1727
rakennus,1728
rakennus,1729
rakennus,1730
rakennus,1731
rakennus,1732
rakennus,1733
rakennus,1734
rakennus,1735
rakennus,1736
rakennus,1737
rakennus,1738
rakennus,1739
rakennus,1740
rakennus,1741
rakennus,1742
rakennus,1743
rakennus,1744
rakennus,1745
rakennus,1746
rakennus,1747
rakennus,1748
rakennus,1749
rakennus,1750
rakennus,1751
rakennus,1752
rakennus,1753
rakennus,1754
rakennus,1755
rakennus,1756
rakennus,1757
rakennus,1758
rakennus,1759
rakennus,1760
rakennus,1761
rakennus,1762
rakennus,1763
rakennus,1764
rakennus,1765
rakennus,1766
rakennus,1767
rakennus,1768
rakennus,1769
rakennus,1770
rakennus,1771
rakennus,1772
rakennus,1773
rakennus,1774
rakennus,1775
rakennus,1776
rakennus,1777
rakennus,1778
rakennus,1779
rakennus,1780
rakennus,1781
rakennus,1782
rakennus,1783
rakennus,1784
rakennus,1785
rakennus,1786
rakennus,1787
rakennus,1788
rakennus,1789
rakennus,1790
rakennus,1791
rakennus,1792
rakennus,1793
rakennus,1794
rakennus,1795
rakennus,1796
rakennus,1797
rakennus,1798
rakennus,1799
rakennus,1800
rakennus,1801
rakennus,1802
rakennus,1803
rakennus,1804
rakennus,1805
rakennus,1806
rakennus,1807
rakennus,1808
rakennus,1809
rakennus,1810
rakennus,1811
rakennus,1812
rakennus,1813
rakennus,1814
rakennus,1815
rakennus,1816
rakennus,1817
rakennus,1818
rakennus,1819
rakennus,1820
rakennus,1821
rakennus,1822
rakennus,1823
rakennus,1824
rakennus,1825
rakennus,1826
rakennus,1827
rakennus,1828
rakennus,1829
rakennus,1830
rakennus,1831
rakennus,1832
rakennus,1833
rakennus,1834
rakennus,1835
rakennus,1836
rakennus,1837
rakennus,1838
rakennus,1839
rakennus,1840
rakennus,1841
rakennus,1842
rakennus,1843
rakennus,1844
rakennus,1845
rakennus,1846
rakennus,1847
rakennus,1848
rakennus,1849
rakennus,1850
rakennus,1851
rakennus,1852
rakennus,1853
rakennus,1854
rakennus,1855
rakennus,1856
rakennus,1857
rakennus,1858
rakennus,1859
rakennus,1860
rakennus,1861
rakennus,1862
rakennus,1863
rakennus,1864
rakennus,1865
rakennus,1866
rakennus,1867
rakennus,1868
rakennus,1869
rakennus,1870
rakennus,1871
rakennus,1872
rakennus,1873
rakennus,1874
rakennus,1875
rakennus,1876
rakennus,1877
tuntematon,1878
tuntematon,1879
tuntematon,1880
tuntematon,1881
tuntematon,1882
tuntematon,1883
tuntematon,1884
tuntematon,1885
tuntematon,1886
tuntematon,1887
tuntematon,1888
tuntematon,1889
tuntematon,1890
tuntematon,1891
tuntematon,1892
tuntematon,1893
tuntematon,1894
tuntematon,1895
tuntematon,1896
tuntematon,1897
tuntematon,1898
tuntematon,1899
tuntematon,1900
tuntematon,1901
tuntematon,1902
tuntematon,1903
tuntematon,1904
tuntematon,1905
tuntematon,1906
tuntematon,1907
tuntematon,1908
tuntematon,1909
tuntematon,1910
tuntematon,1911
tuntematon,1912
tuntematon,1913
tuntematon,1914
tuntematon,1915
tuntematon,1916
tuntematon,1917
tuntematon,1918
tuntematon,1919
tuntematon,1920
tuntematon,1921
tuntematon,1922
tuntematon,1923
tuntematon,1924
tuntematon,1925
tuntematon,1926
tuntematon,1927
tuntematon,1928
tuntematon,1929
tuntematon,1930
tuntematon,1931
tuntematon,1932
tuntematon,1933
tuntematon,1934
tuntematon,1935
tuntematon,1936
tuntematon,1937
tuntematon,1938
tuntematon,1939
tuntematon,1940
tuntematon,1941
tuntematon,1942
tuntematon,1943
tuntematon,1944
tuntematon,1945
tuntematon,1946
tuntematon,1947
tuntematon,1948
tuntematon,1949
tuntematon,1950
tuntematon,1951
tuntematon,1952
tuntematon,1953
tuntematon,1954
tuntematon,1955
tuntematon,1956
tuntematon,1957
tuntematon,1958
tuntematon,1959
tuntematon,1960
tuntematon,1961
tuntematon,1962
tuntematon,1963
tuntematon,1964
tuntematon,1965
tuntematon,1966
tuntematon,1967
tuntematon,1968
tuntematon,1969
tuntematon,1970
tuntematon,1971
tuntematon,1972
tuntematon,1973
tuntematon,1974
tuntematon,1975
tuntematon,1976
tuntematon,1977
tuntematon,1978
tuntematon,1979
tuntematon,1980
tuntematon,1981
tuntematon,1982
tuntematon,1983
tuntematon,1984
tuntematon,1985
tuntematon,1986
tuntematon,1987
tuntematon,1988
tuntematon,1989
tuntematon,1990
tuntematon,1991
tuntematon,1992
tuntematon,1993
tuntematon,1994
tuntematon,1995
tuntematon,1996
tuntematon,1997
tuntematon,1998
tuntematon,1999
tuntematon,2000
tuntematon,2001
tuntematon,2002
tuntematon,2003
tuntematon,2004
tuntematon,2005
tuntematon,2006
tuntematon,2007
tuntematon,2008
tuntematon,2009
tuntematon,2010
tuntematon,2011
tuntematon,2012
tuntematon,2013
tuntematon,2014
tuntematon,2015
tuntematon,2016
tuntematon,2017
tuntematon,2018
tuntematon,2019
tuntematon,2020
tuntematon,2021
tuntematon,2022
tuntematon,2023
tuntematon,2024
tuntematon,2025
tuntematon,2026
tuntematon,2027
tuntematon,2028
tuntematon,2029
tuntematon,2030
tuntematon,2031
tuntematon,2032
tuntematon,2033
tuntematon,2034
tuntematon,2035
tuntematon,2036
tuntematon,2037
tuntematon,2038
tuntematon,2039
tuntematon,2040
tuntematon,2041
tuntematon,2042
tuntematon,2043
tuntematon,2044
tuntematon,2045
tuntematon,2046
tuntematon,2047
tuntematon,2048
tuntematon,2049
tuntematon,2050
tuntematon,2051
tuntematon,2052
tuntematon,2053
tuntematon,2054
tuntematon,2055
tuntematon,2056
tuntematon,2057
tuntematon,2058
tuntematon,2059
tuntematon,2060
tuntematon,2061
tuntematon,2062
tuntematon,2063
tuntematon,2064
tuntematon,2065
tuntematon,2066
tuntematon,2067
tuntematon,2068
tuntematon,2069
tuntematon,2070
tuntematon,2071
tuntematon,2072
tuntematon,2073
tuntematon,2074
tuntematon,2075
tuntematon,2076
tuntematon,2077
tuntematon,2078
tuntematon,2079
tuntematon,2080
tuntematon,2081
tuntematon,2082
tuntematon,2083
tuntematon,2084
tuntematon,2085
tuntematon,2086
tuntematon,2087
tuntematon,2088
tuntematon,2089
tuntematon,2090
tuntematon,2091
tuntematon,2092
tuntematon,2093
tuntematon,2094
tuntematon,2095
tuntematon,2096
tuntematon,2097
tuntematon,2098
tuntematon,2099
tuntematon,2100
tuntematon,2101
tuntematon,2102
tuntematon,2103
tuntematon,2104
tuntematon,2105
tuntematon,2106
tuntematon,2107
tuntematon,2108
tuntematon,2109
tuntematon,2110
tuntematon,2111
tuntematon,2112
tuntematon,2113
tuntematon,2114
tuntematon,2115
tuntematon,2116
tuntematon,2117
tuntematon,2118
tuntematon,2119
tuntematon,2120
tuntematon,2121
tuntematon,2122
tuntematon,2123
tuntematon,2124
tuntematon,2125
tuntematon,2126
tuntematon,2127
tuntematon,2128
tuntematon,2129
tuntematon,2130
tuntematon,2131
tuntematon,2132
tuntematon,2133
tuntematon,2134
tuntematon,2135
tuntematon,2136
tuntematon,2137
tuntematon,2138
tuntematon,2139
tuntematon,2140
tuntematon,2141
tuntematon,2142
tuntematon,2143
tuntematon,2144
tuntematon,2145
tuntematon,2146
tuntematon,2147
tuntematon,2148
tuntematon,2149
tuntematon,2150
tuntematon,2151
tuntematon,2152
tuntematon,2153
tuntematon,2154
tuntematon,2155
tuntematon,2156
tuntematon,2157
tuntematon,2158
tuntematon,2159
tuntematon,2160
tuntematon,2161
tuntematon,2162
tuntematon,2163
tuntematon,2164
tuntematon,2165
tuntematon,2166
tuntematon,2167
tuntematon,2168
tuntematon,2169
tuntematon,2170
tuntematon,2171
tuntematon,2172
tuntematon,2173
tuntematon,2174
tuntematon,2175
tuntematon,2176
tuntematon,2177
tuntematon,2178
tuntematon,2179
tuntematon,2180
tuntematon,2181
tuntematon,2182
tuntematon,2183
tuntematon,2184
tuntematon,2185
tuntematon,2186
tuntematon,2187
tuntematon,2188
tuntematon,2189
tuntematon,2190
tuntematon,2191
tuntematon,2192
tuntematon,2193
tuntematon,2194
tuntematon,2195
tuntematon,2196
tuntematon,2197
tuntematon,2198
tuntematon,2199
tuntematon,2200
tuntematon,2201
tuntematon,2202
tuntematon,2203
tuntematon,2204
tuntematon,2205
tuntematon,2206
tuntematon,2207
tuntematon,2208
tuntematon,2209
tuntematon,2210
tuntematon,2211
tuntematon,2212
tuntematon,2213
tuntematon,2214
tuntematon,2215
tuntematon,2216
tuntematon,2217
tuntematon,2218
tuntematon,2219
tuntematon,2220
tuntematon,2221
tuntematon,2222
tuntematon,2223
tuntematon,2224
tuntematon,2225
tuntematon,2226
tuntematon,2227
tuntematon,2228
tuntematon,2229
tuntematon,2230
tuntematon,2231
tuntematon,2232
tuntematon,2233
tuntematon,2234
tuntematon,2235
tuntematon,2236
tuntematon,2237
tuntematon,2238
tuntematon,2239
tuntematon,2240
tuntematon,2241
tuntematon,2242
tuntematon,2243
tuntematon,2244
tuntematon,2245
tuntematon,2246
tuntematon,2247
tuntematon,2248
tuntematon,2249
tuntematon,2250
tuntematon,2251
tuntematon,2252
tuntematon,2253
tuntematon,2254
tuntematon,2255
tuntematon,2256
tuntematon,2257
tuntematon,2258
tuntematon,2259
tuntematon,2260
tuntematon,2261
tuntematon,2262
tuntematon,2263
tuntematon,2264
tuntematon,2265
tuntematon,2266
tuntematon,2267
tuntematon,2268
tuntematon,2269
tuntematon,2270
tuntematon,2271
tuntematon,2272
tuntematon,2273
tuntematon,2274
tuntematon,2275
tuntematon,2276
tuntematon,2277
tuntematon,2278
tuntematon,2279
tuntematon,2280
tuntematon,2281
tuntematon,2282
tuntematon,2283
tuntematon,2284
tuntematon,2285
tuntematon,2286
tuntematon,2287
tuntematon,2288
tuntematon,2289
tuntematon,2290
tuntematon,2291
tuntematon,2292
tuntematon,2293
tuntematon,2294
tuntematon,2295
tuntematon,2296
tuntematon,2297
tuntematon,2298
tuntematon,2299
tuntematon,2300
tuntematon,2301
tuntematon,2302
tuntematon,2303
tuntematon,2304
tuntematon,2305
tuntematon,2306
tuntematon,2307
tuntematon,2308
tuntematon,2309
tuntematon,2310
tuntematon,2311
tuntematon,2312
tuntematon,2313
tuntematon,2314
tuntematon,2315
tuntematon,2316
tuntematon,2317
tuntematon,2318
tuntematon,2319
tuntematon,2320
tuntematon,2321
tuntematon,2322
tuntematon,2323
tuntematon,2324
tuntematon,2325
tuntematon,2326
tuntematon,2327
tuntematon,2328
tuntematon,2329
tuntematon,2330
tuntematon,2331
tuntematon,2332
tuntematon,2333
tuntematon,2334
tuntematon,2335
tuntematon,2336
tuntematon,2337
tuntematon,2338
tuntematon,2339
tuntematon,2340
tuntematon,2341
tuntematon,2342
tuntematon,2343
tuntematon,2344
tuntematon,2345
tuntematon,2346
tuntematon,2347
tuntematon,2348
tuntematon,2349
tuntematon,2350
tuntematon,2351
tuntematon,2352
tuntematon,2353
tuntematon,2354
tuntematon,2355
tuntematon,2356
tuntematon,2357
tuntematon,2358
tuntematon,2359
tuntematon,2360
tuntematon,2361
tuntematon,2362
tuntematon,2363
tuntematon,2364
tuntematon,2365
tuntematon,2366
tuntematon,2367
tuntematon,2368
tuntematon,2369
tuntematon,2370
tuntematon,2371
tuntematon,2372
tuntematon,2373
tuntematon,2374
tuntematon,2375
tuntematon,2376
tuntematon,2377
tuntematon,2378
tuntematon,2379
tuntematon,2380
tuntematon,2381
tuntematon,2382
tuntematon,2383
tuntematon,2384
tuntematon,2385
tuntematon,2386
tuntematon,2387
tuntematon,2388
tuntematon,2389
tuntematon,2390
tuntematon,2391
tuntematon,2392
tuntematon,2393
tuntematon,2394
tuntematon,2395
tuntematon,2396
tuntematon,2397
tuntematon,2398
tuntematon,2399
tuntematon,2400
tuntematon,2401
tuntematon,2402
tuntematon,2403
tuntematon,2404
tuntematon,2405
tuntematon,2406
tuntematon,2407
tuntematon,2408
tuntematon,2409
tuntematon,2410
tuntematon,2411
tuntematon,2412
tuntematon,2413
tuntematon,2414
tuntematon,2415
tuntematon,2416
tuntematon,2417
tuntematon,2418
tuntematon,2419
tuntematon,2420
tuntematon,2421
tuntematon,2422
tuntematon,2423
tuntematon,2424
tuntematon,2425
tuntematon,2426
tuntematon,2427
tuntematon,2428
tuntematon,2429
tuntematon,2430
tuntematon,2431
tuntematon,2432
tuntematon,2433
tuntematon,2434
tuntematon,2435
tuntematon,2436
tuntematon,2437
tuntematon,2438
tuntematon,2439
tuntematon,2440
tuntematon,2441
tuntematon,2442
tuntematon,2443
tuntematon,2444
tuntematon,2445
tuntematon,2446
tuntematon,2447
tuntematon,2448
tuntematon,2449
tuntematon,2450
tuntematon,2451
tuntematon,2452
tuntematon,2453
tuntematon,2454
tuntematon,2455
tuntematon,2456
tuntematon,2457
tuntematon,2458
tuntematon,2459
tuntematon,2460
tuntematon,2461
tuntematon,2462
tuntematon,2463
tuntematon,2464
tuntematon,2465
tuntematon,2466
tuntematon,2467
tuntematon,2468
tuntematon,2469
tuntematon,2470
tuntematon,2471
tuntematon,2472
tuntematon,2473
tuntematon,2474
tuntematon,2475
tuntematon,2476
tuntematon,2477
tuntematon,2478
tuntematon,2479
tuntematon,2480
tuntematon,2481
tuntematon,2482
tuntematon,2483
tuntematon,2484
tuntematon,2485
tuntematon,2486
tuntematon,2487
tuntematon,2488
tuntematon,2489
tuntematon,2490
tuntematon,2491
tuntematon,2492
tuntematon,2493
tuntematon,2494
tuntematon,2495
tuntematon,2496
tuntematon,2497
tuntematon,2498
tuntematon,2499
tuntematon,2500
tuntematon,2501
tuntematon,2502
tuntematon,2503
tuntematon,2504
tuntematon,2505
tuntematon,2506
tuntematon,2507
tuntematon,2508
tuntematon,2509
tuntematon,2510
tuntematon,2511
tuntematon,2512
tuntematon,2513
tuntematon,2514
tuntematon,2515
tuntematon,2516
tuntematon,2517
tuntematon,2518
tuntematon,2519
tuntematon,2520
tuntematon,2521
tuntematon,2522
tuntematon,2523
tuntematon,2524
tuntematon,2525
tuntematon,2526
tuntematon,2527
tuntematon,2528
tuntematon,2529
tuntematon,2530
tuntematon,2531
tuntematon,2532
tuntematon,2533
tuntematon,2534
tuntematon,2535
tuntematon,2536
tuntematon,2537
tuntematon,2538
tuntematon,2539
tuntematon,2540
tuntematon,2541
tuntematon,2542
tuntematon,2543
tuntematon,2544
tuntematon,2545
tuntematon,2546
tuntematon,2547
tuntematon,2548
tuntematon,2549
tuntematon,2550
tuntematon,2551
tuntematon,2552
tuntematon,2553
tuntematon,2554
tuntematon,2555
tuntematon,2556
tuntematon,2557
tuntematon,2558
tuntematon,2559
tuntematon,2560
tuntematon,2561
tuntematon,2562
tuntematon,2563
tuntematon,2564
tuntematon,2565
tuntematon,2566
tuntematon,2567
tuntematon,2568
tuntematon,2569
tuntematon,2570
tuntematon,2571
tuntematon,2572
tuntematon,2573
tuntematon,2574
tuntematon,2575
tuntematon,2576
tuntematon,2577
tuntematon,2578
tuntematon,2579
tuntematon,2580
tuntematon,2581
tuntematon,2582
tuntematon,2583
tuntematon,2584
tuntematon,2585
tuntematon,2586
tuntematon,2587
tuntematon,2588
tuntematon,2589
tuntematon,2590
tuntematon,2591
tuntematon,2592
tuntematon,2593
tuntematon,2594
tuntematon,2595
tuntematon,2596
tuntematon,2597
tuntematon,2598
tuntematon,2599
tuntematon,2600
tuntematon,2601
tuntematon,2602
tuntematon,2603
tuntematon,2604
tuntematon,2605
tuntematon,2606
tuntematon,2607
tuntematon,2608
tuntematon,2609
tuntematon,2610
tuntematon,2611
tuntematon,2612
tuntematon,2613
tuntematon,2614
tuntematon,2615
tuntematon,2616
tuntematon,2617
tuntematon,2618
tuntematon,2619
tuntematon,2620
tuntematon,2621
tuntematon,2622
tuntematon,2623
tuntematon,2624
tuntematon,2625
tuntematon,2626
tuntematon,2627
tuntematon,2628
tuntematon,2629
tuntematon,2630
tuntematon,2631
tuntematon,2632
tuntematon,2633
tuntematon,2634
tuntematon,2635
tuntematon,2636
tuntematon,2637
tuntematon,2638
tuntematon,2639
tuntematon,2640
tuntematon,2641
tuntematon,2642
tuntematon,2643
tuntematon,2644
tuntematon,2645
tuntematon,2646
tuntematon,2647
tuntematon,2648
tuntematon,2649
tuntematon,2650
tuntematon,2651
tuntematon,2652
tuntematon,2653
tuntematon,2654
tuntematon,2655
tuntematon,2656
tuntematon,2657
tuntematon,2658
tuntematon,2659
tuntematon,2660
tuntematon,2661
tuntematon,2662
tuntematon,2663
tuntematon,2664
tuntematon,2665
tuntematon,2666
tuntematon,2667
tuntematon,2668
tuntematon,2669
tuntematon,2670
tuntematon,2671
tuntematon,2672
tuntematon,2673
tuntematon,2674
tuntematon,2675
tuntematon,2676
tuntematon,2677
tuntematon,2678
tuntematon,2679
tuntematon,2680
tuntematon,2681
tuntematon,2682
tuntematon,2683
tuntematon,2684
tuntematon,2685
tuntematon,2686
tuntematon,2687
tuntematon,2688
tuntematon,2689
tuntematon,2690
tuntematon,2691
tuntematon,2692
tuntematon,2693
tuntematon,2694
tuntematon,2695
tuntematon,2696
tuntematon,2697
tuntematon,2698
tuntematon,2699
tuntematon,2700
tuntematon,2701
tuntematon,2702
tuntematon,2703
tuntematon,2704
tuntematon,2705
tuntematon,2706
tuntematon,2707
tuntematon,2708
tuntematon,2709
tuntematon,2710
tuntematon,2711
tuntematon,2712
tuntematon,2713
tuntematon,2714
tuntematon,2715
tuntematon,2716
tuntematon,2717
tuntematon,2718
tuntematon,2719
tuntematon,2720
tuntematon,2721
tuntematon,2722
tuntematon,2723
tuntematon,2724
tuntematon,2725
tuntematon,2726
tuntematon,2727
tuntematon,2728
tuntematon,2729
tuntematon,2730
tuntematon,2731
tuntematon,2732
tuntematon,2733
tuntematon,2734
tuntematon,2735
tuntematon,2736
tuntematon,2737
tuntematon,2738
tuntematon,2739
tuntematon,2740
tuntematon,2741
tuntematon,2742
tuntematon,2743
tuntematon,2744
tuntematon,2745
tuntematon,2746
tuntematon,2747
tuntematon,2748
tuntematon,2749
tuntematon,2750
tuntematon,2751
tuntematon,2752
tuntematon,2753
tuntematon,2754
tuntematon,2755
tuntematon,2756
tuntematon,2757
tuntematon,2758
tuntematon,2759
tuntematon,2760
tuntematon,2761
tuntematon,2762
tuntematon,2763
tuntematon,2764
tuntematon,2765
tuntematon,2766
tuntematon,2767
tuntematon,2768
tuntematon,2769
tuntematon,2770
tuntematon,2771
tuntematon,2772
tuntematon,2773
tuntematon,2774
tuntematon,2775
tuntematon,2776
tuntematon,2777
tuntematon,2778
tuntematon,2779
tuntematon,2780
tuntematon,2781
tuntematon,2782
tuntematon,2783
tuntematon,2784
tuntematon,2785
tuntematon,2786
tuntematon,2787
tuntematon,2788
tuntematon,2789
tuntematon,2790
tuntematon,2791
tuntematon,2792
tuntematon,2793
tuntematon,2794
tuntematon,2795
tuntematon,2796
tuntematon,2797
tuntematon,2798
tuntematon,2799
tuntematon,2800
tuntematon,2801
tuntematon,2802
tuntematon,2803
tuntematon,2804
tuntematon,2805
tuntematon,2806
tuntematon,2807
tuntematon,2808
tuntematon,2809
tuntematon,2810
tuntematon,2811
tuntematon,2812
tuntematon,2813
tuntematon,2814
tuntematon,2815
tuntematon,2816
tuntematon,2817
tuntematon,2818
tuntematon,2819
tuntematon,2820
tuntematon,2821
tuntematon,2822
tuntematon,2823
tuntematon,2824
tuntematon,2825
tuntematon,2826
tuntematon,2827
tuntematon,2828
tuntematon,2829
tuntematon,2830
tuntematon,2831
tuntematon,2832
tuntematon,2833
tuntematon,2834
tuntematon,2835
tuntematon,2836
tuntematon,2837
tuntematon,2838
tuntematon,2839
tuntematon,2840
tuntematon,2841
tuntematon,2842
tuntematon,2843
tuntematon,2844
tuntematon,2845
tuntematon,2846
tuntematon,2847
tuntematon,2848
tuntematon,2849
tuntematon,2850
tuntematon,2851
tuntematon,2852
tuntematon,2853
tuntematon,2854
tuntematon,2855
tuntematon,2856
tuntematon,2857
tuntematon,2858
tuntematon,2859
tuntematon,2860
tuntematon,2861
tuntematon,2862
tuntematon,2863
tuntematon,2864
tuntematon,2865
tuntematon,2866
tuntematon,2867
tuntematon,2868
tuntematon,2869
tuntematon,2870
tuntematon,2871
tuntematon,2872
tuntematon,2873
tuntematon,2874
tuntematon,2875
tuntematon,2876
tuntematon,2877
tuntematon,2878
tuntematon,2879
tuntematon,2880
tuntematon,2881
tuntematon,2882
tuntematon,2883
tuntematon,2884
tuntematon,2885
tuntematon,2886
tuntematon,2887
tuntematon,2888
tuntematon,2889
tuntematon,2890
tuntematon,2891
tuntematon,2892
tuntematon,2893
tuntematon,2894
tuntematon,2895
tuntematon,2896
tuntematon,2897
tuntematon,2898
tuntematon,2899
tuntematon,2900
tuntematon,2901
tuntematon,2902
tuntematon,2903
tuntematon,2904
tuntematon,2905
tuntematon,2906
tuntematon,2907
tuntematon,2908
tuntematon,2909
tuntematon,2910
tuntematon,2911
tuntematon,2912
tuntematon,2913
tuntematon,2914
tuntematon,2915
tuntematon,2916
tuntematon,2917
tuntematon,2918
tuntematon,2919
tuntematon,2920
tuntematon,2921
tuntematon,2922
tuntematon,2923
tuntematon,2924
tuntematon,2925
tuntematon,2926
tuntematon,2927
tuntematon,2928
tuntematon,2929
tuntematon,2930
tuntematon,2931
tuntematon,2932
tuntematon,2933
tuntematon,2934
tuntematon,2935
tuntematon,2936
tuntematon,2937
tuntematon,2938
tuntematon,2939
tuntematon,2940
tuntematon,2941
tuntematon,2942
tuntematon,2943
tuntematon,2944
tuntematon,2945
tuntematon,2946
tuntematon,2947
tuntematon,2948
tuntematon,2949
tuntematon,2950
tuntematon,2951
tuntematon,2952
tuntematon,2953
tuntematon,2954
tuntematon,2955
tuntematon,2956
tuntematon,2957
tuntematon,2958
tuntematon,2959
tuntematon,2960
tuntematon,2961
tuntematon,2962
tuntematon,2963
tuntematon,2964
tuntematon,2965
tuntematon,2966
tuntematon,2967
tuntematon,2968
tuntematon,2969
tuntematon,2970
tuntematon,2971
tuntematon,2972
tuntematon,2973
tuntematon,2974
tuntematon,2975
tuntematon,2976
tuntematon,2977
tuntematon,2978
tuntematon,2979
tuntematon,2980
tuntematon,2981
tuntematon,2982
tuntematon,2983
tuntematon,2984
tuntematon,2985
tuntematon,2986
tuntematon,2987
tuntematon,2988
tuntematon,2989
tuntematon,2990
tuntematon,2991
tuntematon,2992
tuntematon,2993
tuntematon,2994
tuntematon,2995
tuntematon,2996
tuntematon,2997
tuntematon,2998
tuntematon,2999
tuntematon,3000
tuntematon,3001
tuntematon,3002
tuntematon,3003
tuntematon,3004
tuntematon,3005
tuntematon,3006
tuntematon,3007
tuntematon,3008
tuntematon,3009
tuntematon,3010
tuntematon,3011
tuntematon,3012
tuntematon,3013
tuntematon,3014
tuntematon,3015
tuntematon,3016
tuntematon,3017
tuntematon,3018
tuntematon,3019
tuntematon,3020
tuntematon,3021
tuntematon,3022
tuntematon,3023
tuntematon,3024
tuntematon,3025
tuntematon,3026
tuntematon,3027
tuntematon,3028
tuntematon,3029
tuntematon,3030
tuntematon,3031
tuntematon,3032
tuntematon,3033
tuntematon,3034
tuntematon,3035
tuntematon,3036
tuntematon,3037
tuntematon,3038
tuntematon,3039
tuntematon,3040
tuntematon,3041
tuntematon,3042
tuntematon,3043
tuntematon,3044
tuntematon,3045
tuntematon,3046
tuntematon,3047
tuntematon,3048
tuntematon,3049
tuntematon,3050
tuntematon,3051
tuntematon,3052
tuntematon,3053
tuntematon,3054
tuntematon,3055
tuntematon,3056
tuntematon,3057
tuntematon,3058
tuntematon,3059
tuntematon,3060
tuntematon,3061
tuntematon,3062
tuntematon,3063
tuntematon,3064
tuntematon,3065
tuntematon,3066
tuntematon,3067
tuntematon,3068
tuntematon,3069
tuntematon,3070
tuntematon,3071
tuntematon,3072
tuntematon,3073
tuntematon,3074
tuntematon,3075
tuntematon,3076
tuntematon,3077
tuntematon,3078
tuntematon,3079
tuntematon,3080
tuntematon,3081
tuntematon,3082
tuntematon,3083
tuntematon,3084
tuntematon,3085
tuntematon,3086
tuntematon,3087
tuntematon,3088
tuntematon,3089
tuntematon,3090
tuntematon,3091
tuntematon,3092
tuntematon,3093
tuntematon,3094
tuntematon,3095
tuntematon,3096
tuntematon,3097
tuntematon,3098
tuntematon,3099
tuntematon,3100
tuntematon,3101
tuntematon,3102
tuntematon,3103
tuntematon,3104
tuntematon,3105
tuntematon,3106
tuntematon,3107
tuntematon,3108
tuntematon,3109
tuntematon,3110
tuntematon,3111
tuntematon,3112
tuntematon,3113
tuntematon,3114
tuntematon,3115
tuntematon,3116
tuntematon,3117
tuntematon,3118
tuntematon,3119
tuntematon,3120
tuntematon,3121
tuntematon,3122
tuntematon,3123
tuntematon,3124
tuntematon,3125
tuntematon,3126
tuntematon,3127
tuntematon,3128
tuntematon,3129
tuntematon,3130
tuntematon,3131
tuntematon,3132
tuntematon,3133
tuntematon,3134
tuntematon,3135
tuntematon,3136
tuntematon,3137
tuntematon,3138
tuntematon,3139
tuntematon,3140
tuntematon,3141
tuntematon,3142
tuntematon,3143
tuntematon,3144
tuntematon,3145
tuntematon,3146
tuntematon,3147
tuntematon,3148
tuntematon,3149
tuntematon,3150
tuntematon,3151
tuntematon,3152
tuntematon,3153
tuntematon,3154
tuntematon,3155
tuntematon,3156
tuntematon,3157
tuntematon,3158
tuntematon,3159
tuntematon,3160
tuntematon,3161
tuntematon,3162
tuntematon,3163
tuntematon,3164
tuntematon,3165
tuntematon,3166
tuntematon,3167
tuntematon,3168
tuntematon,3169
tuntematon,3170
tuntematon,3171
tuntematon,3172
tuntematon,3173
tuntematon,3174
tuntematon,3175
tuntematon,3176
tuntematon,3177
tuntematon,3178
tuntematon,3179
tuntematon,3180
tuntematon,3181
tuntematon,3182
tuntematon,3183
tuntematon,3184
tuntematon,3185
tuntematon,3186
tuntematon,3187
tuntematon,3188
tuntematon,3189
tuntematon,3190
tuntematon,3191
tuntematon,3192
tuntematon,3193
tuntematon,3194
tuntematon,3195
tuntematon,3196
tuntematon,3197
tuntematon,3198
tuntematon,3199
tuntematon,3200
tuntematon,3201
tuntematon,3202
tuntematon,3203
tuntematon,3204
tuntematon,3205
tuntematon,3206
tuntematon,3207
tuntematon,3208
tuntematon,3209
tuntematon,3210
tuntematon,3211
tuntematon,3212
tuntematon,3213
tuntematon,3214
tuntematon,3215
tuntematon,3216
tuntematon,3217
tuntematon,3218
tuntematon,3219
tuntematon,3220
tuntematon,3221
tuntematon,3222
tuntematon,3223
tuntematon,3224
tuntematon,3225
tuntematon,3226
tuntematon,3227
tuntematon,3228
tuntematon,3229
tuntematon,3230
tuntematon,3231
tuntematon,3232
tuntematon,3233
tuntematon,3234
tuntematon,3235
tuntematon,3236
tuntematon,3237
tuntematon,3238
tuntematon,3239
tuntematon,3240
tuntematon,3241
tuntematon,3242
tuntematon,3243
tuntematon,3244
tuntematon,3245
tuntematon,3246
tuntematon,3247
tuntematon,3248
tuntematon,3249
tuntematon,3250
tuntematon,3251
tuntematon,3252
tuntematon,3253
tuntematon,3254
tuntematon,3255
tuntematon,3256
tuntematon,3257
tuntematon,3258
tuntematon,3259
tuntematon,3260
tuntematon,3261
tuntematon,3262
tuntematon,3263
tuntematon,3264
tuntematon,3265
tuntematon,3266
tuntematon,3267
tuntematon,3268
tuntematon,3269
tuntematon,3270
tuntematon,3271
tuntematon,3272
tuntematon,3273
tuntematon,3274
tuntematon,3275
tuntematon,3276
tuntematon,3277
tuntematon,3278
tuntematon,3279
tuntematon,3280
tuntematon,3281
tuntematon,3282
tuntematon,3283
tuntematon,3284
tuntematon,3285
tuntematon,3286
tuntematon,3287
tuntematon,3288
tuntematon,3289
tuntematon,3290
tuntematon,3291
tuntematon,3292
tuntematon,3293
tuntematon,3294
tuntematon,3295
tuntematon,3296
tuntematon,3297
tuntematon,3298
tuntematon,3299
tuntematon,3300
tuntematon,3301
tuntematon,3302
tuntematon,3303
tuntematon,3304
tuntematon,3305
tuntematon,3306
tuntematon,3307
tuntematon,3308
tuntematon,3309
tuntematon,3310
tuntematon,3311
tuntematon,3312
tuntematon,3313
tuntematon,3314
tuntematon,3315
tuntematon,3316
tuntematon,3317
tuntematon,3318
tuntematon,3319
tuntematon,3320
tuntematon,3321
tuntematon,3322
tuntematon,3323
tuntematon,3324
tuntematon,3325
tuntematon,3326
tuntematon,3327
tuntematon,3328
tuntematon,3329
tuntematon,3330
tuntematon,3331
tuntematon,3332
tuntematon,3333
tuntematon,3334
tuntematon,3335
tuntematon,3336
tuntematon,3337
tuntematon,3338
tuntematon,3339
tuntematon,3340
tuntematon,3341
tuntematon,3342
tuntematon,3343
tuntematon,3344
tuntematon,3345
tuntematon,3346
tuntematon,3347
tuntematon,3348
tuntematon,3349
tuntematon,3350
tuntematon,3351
tuntematon,3352
tuntematon,3353
tuntematon,3354
tuntematon,3355
tuntematon,3356
tuntematon,3357
tuntematon,3358
tuntematon,3359
tuntematon,3360
tuntematon,3361
tuntematon,3362
tuntematon,3363
tuntematon,3364
tuntematon,3365
tuntematon,3366
tuntematon,3367
tuntematon,3368
tuntematon,3369
tuntematon,3370
tuntematon,3371
tuntematon,3372
tuntematon,3373
tuntematon,3374
tuntematon,3375
tuntematon,3376
tuntematon,3377
tuntematon,3378
tuntematon,3379
tuntematon,3380
tuntematon,3381
tuntematon,3382
tuntematon,3383
tuntematon,3384
tuntematon,3385
tuntematon,3386
tuntematon,3387
tuntematon,3388
tuntematon,3389
tuntematon,3390
tuntematon,3391
tuntematon,3392
tuntematon,3393
tuntematon,3394
tuntematon,3395
tuntematon,3396
tuntematon,3397
tuntematon,3398
tuntematon,3399
tuntematon,3400
tuntematon,3401
tuntematon,3402
tuntematon,3403
tuntematon,3404
tuntematon,3405
tuntematon,3406
tuntematon,3407
tuntematon,3408
tuntematon,3409
tuntematon,3410
tuntematon,3411
tuntematon,3412
tuntematon,3413
tuntematon,3414
tuntematon,3415
tuntematon,3416
tuntematon,3417
tuntematon,3418
tuntematon,3419
tuntematon,3420
tuntematon,3421
tuntematon,3422
tuntematon,3423
tuntematon,3424
tuntematon,3425
tuntematon,3426
tuntematon,3427
tuntematon,3428
tuntematon,3429
tuntematon,3430
tuntematon,3431
tuntematon,3432
tuntematon,3433
tuntematon,3434
tuntematon,3435
tuntematon,3436
tuntematon,3437
tuntematon,3438
tuntematon,3439
tuntematon,3440
tuntematon,3441
tuntematon,3442
tuntematon,3443
tuntematon,3444
tuntematon,3445
tuntematon,3446
tuntematon,3447
tuntematon,3448
tuntematon,3449
tuntematon,3450
tuntematon,3451
tuntematon,3452
tuntematon,3453
tuntematon,3454
tuntematon,3455
tuntematon,3456
tuntematon,3457
tuntematon,3458
tuntematon,3459
tuntematon,3460
tuntematon,3461
tuntematon,3462
tuntematon,3463
tuntematon,3464
tuntematon,3465
tuntematon,3466
tuntematon,3467
tuntematon,3468
tuntematon,3469
tuntematon,3470
tuntematon,3471
tuntematon,3472
tuntematon,3473
tuntematon,3474
tuntematon,3475
tuntematon,3476
tuntematon,3477
tuntematon,3478
tuntematon,3479
tuntematon,3480
tuntematon,3481
tuntematon,3482
tuntematon,3483
tuntematon,3484
tuntematon,3485
tuntematon,3486
tuntematon,3487
tuntematon,3488
tuntematon,3489
tuntematon,3490
tuntematon,3491
tuntematon,3492
tuntematon,3493
tuntematon,3494
tuntematon,3495
tuntematon,3496
tuntematon,3497
tuntematon,3498
tuntematon,3499
tuntematon,3500
tuntematon,3501
